id,cve_ent,nom_ent,actividad,F,C_F,N,C_N,As,C_As,Cd,C_Cd,Cr,C_Cr,Hg,C_Hg,Pb,C_Pb,Mn,C_Mn,X,Y,fecha_registro,fuente
DLCHI297,08,Chihuahua,POZO,1.83,Alta,0.781878,Potable - Excelente,<0.01,Potable - Excelente,<0.003,Potable - Excelente,<0.005,Potable - Excelente,<0.0005,Potable - Excelente,<0.005,Potable - Excelente,0.510564,Puede afectar la salud,-106.11205,31.34143,2012-2022,RENAMECA
DLCHI300,08,Chihuahua,POZO,0.62,Media,0.11345,Potable - Excelente,<0.01,Potable - Excelente,<0.003,Potable - Excelente,<0.005,Potable - Excelente,<0.0005,Potable - Excelente,<0.005,Potable - Excelente,2.04455625,Puede afectar la salud,-105.8813,31.27197,2012-2022,RENAMECA
DLCHI302,08,Chihuahua,POZO,2.334,Alta,5.479,Potable - Buena calidad,<0.01,Potable - Excelente,<0.003,Potable - Excelente,<0.005,Potable - Excelente,0.000593333,Potable - Excelente,<0.005,Potable - Excelente,0.002057143,Potable - Excelente,-106.84755,30.21411,2012-2022,RENAMECA
DLCHI303,08,Chihuahua,POZO,2.8176,Alta,0.8117,Potable - Excelente,<0.01,Potable - Excelente,<0.003,Potable - Excelente,<0.005,Potable - Excelente,<0.0005,Potable - Excelente,<0.005,Potable - Excelente,<0.0015,Potable - Excelente,-106.7927,29.92068,2012-2022,RENAMECA
DLCHI304,08,Chihuahua,POZO,2.275347,Alta,1.166143,Potable - Excelente,<0.01,Potable - Excelente,<0.003,Potable - Excelente,<0.005,Potable - Excelente,<0.0005,Potable - Excelente,<0.005,Potable - Excelente,0.001607143,Potable - Excelente,-107.21771,29.99036,2012-2022,RENAMECA
DLCHI305,08,Chihuahua,POZO,4.9177,Alta,0.8975,Potable - Excelente,<0.01,Potable - Excelente,,,,,,,,,0.021,Potable - Excelente,-107.30004,30.11655,2012-2022,RENAMECA
DLCHI306,08,Chihuahua,POZO,4.6601455,Alta,1.03019,Potable - Excelente,0.021533333,Apta como FAAP,<0.003,Potable - Excelente,0.00624,Potable - Excelente,<0.0005,Potable - Excelente,<0.005,Potable - Excelente,<0.0015,Potable - Excelente,-107.3745,30.20766,2012-2022,RENAMECA
DLCHI307,08,Chihuahua,POZO,2.6173,Alta,0.383628,Potable - Excelente,0.028585714,No apta como FAAP,<0.003,Potable - Excelente,<0.005,Potable - Excelente,0.000648333,Potable - Excelente,<0.005,Potable - Excelente,0.009987143,Potable - Excelente,-107.65257,30.29047,2012-2022,RENAMECA
DLCHI309,08,Chihuahua,POZO,3.271,Alta,0.662468,Potable - Excelente,<0.01,Potable - Excelente,<0.003,Potable - Excelente,<0.005,Potable - Excelente,<0.0005,Potable - Excelente,<0.005,Potable - Excelente,0.0096,Potable - Excelente,-107.93162,30.37578,2012-2022,RENAMECA
DLCHI311,08,Chihuahua,POZO,2.2987,Alta,0.54215,Potable - Excelente,<0.01,Potable - Excelente,<0.003,Potable - Excelente,<0.005,Potable - Excelente,<0.0005,Potable - Excelente,<0.005,Potable - Excelente,<0.0015,Potable - Excelente,-107.96673,30.26354,2012-2022,RENAMECA
DLCHI312,08,Chihuahua,POZO,2.4853,Alta,2.9734,Potable - Excelente,<0.01,Potable - Excelente,<0.003,Potable - Excelente,<0.005,Potable - Excelente,<0.0005,Potable - Excelente,<0.005,Potable - Excelente,<0.0015,Potable - Excelente,-107.5984,29.98554,2012-2022,RENAMECA
DLCHI313,08,Chihuahua,POZO,1.58945,Alta,3.0476,Potable - Excelente,<0.01,Potable - Excelente,,,,,<0.0005,Potable - Excelente,,,<0.0015,Potable - Excelente,-107.48668,29.84598,2012-2022,RENAMECA
DLCHI317,08,Chihuahua,POZO,2.91825,Alta,0.200381,Potable - Excelente,<0.01,Potable - Excelente,<0.003,Potable - Excelente,<0.005,Potable - Excelente,<0.0005,Potable - Excelente,<0.005,Potable - Excelente,0.01895,Potable - Excelente,-107.10686,28.84271,2012-2022,RENAMECA
DLCHI326M1,08,Chihuahua,POZO,5.659509,Alta,5.551842,Potable - Buena calidad,0.347246,No apta como FAAP,<0.003,Potable - Excelente,<0.005,Potable - Excelente,<0.0005,Potable - Excelente,<0.005,Potable - Excelente,<0.0015,Potable - Excelente,-105.543611,28.426111,2012-2022,RENAMECA
DLCHI331M1,08,Chihuahua,POZO,5.0148,Alta,5.36952,Potable - Buena calidad,0.052496,No apta como FAAP,<0.003,Potable - Excelente,<0.005,Potable - Excelente,<0.0005,Potable - Excelente,<0.005,Potable - Excelente,0.00163,Potable - Excelente,-105.428333,28.33,2012-2022,RENAMECA
DLCHI332M1,08,Chihuahua,POZO,1.7223,Alta,3.5019595,Potable - Excelente,0.02915,No apta como FAAP,<0.003,Potable - Excelente,0.0091,Potable - Excelente,<0.0005,Potable - Excelente,<0.005,Potable - Excelente,<0.0015,Potable - Excelente,-105.474444,28.183611,2012-2022,RENAMECA
DLCHI342M1,08,Chihuahua,POZO,1.591655,Alta,6.57933,Potable - Buena calidad,0.146692,No apta como FAAP,<0.003,Potable - Excelente,<0.005,Potable - Excelente,<0.0005,Potable - Excelente,<0.005,Potable - Excelente,<0.0015,Potable - Excelente,-105.625833,28.391111,2012-2022,RENAMECA
DLCHI343M1,08,Chihuahua,POZO,1.60535,Alta,9.2960505,Potable - Buena calidad,0.0347,No apta como FAAP,<0.003,Potable - Excelente,<0.005,Potable - Excelente,<0.0005,Potable - Excelente,<0.005,Potable - Excelente,<0.0015,Potable - Excelente,-105.480278,28.270833,2012-2022,RENAMECA
DLCHI344,08,Chihuahua,POZO,3.1987,Alta,0.5022,Potable - Excelente,<0.01,Potable - Excelente,<0.003,Potable - Excelente,<0.005,Potable - Excelente,<0.0005,Potable - Excelente,<0.005,Potable - Excelente,<0.0015,Potable - Excelente,-106.40643,29.48187,2012-2022,RENAMECA
DLCHI349,08,Chihuahua,POZO,2.6655,Alta,0.647249,Potable - Excelente,0.018608333,Apta como FAAP,<0.003,Potable - Excelente,<0.005,Potable - Excelente,<0.0005,Potable - Excelente,<0.005,Potable - Excelente,0.003103667,Potable - Excelente,-106.01135,28.80998,2012-2022,RENAMECA
DLCHI355,08,Chihuahua,POZO,1.0658,Potable - Optima,17.574036,No apta como FAAP,0.036217778,No apta como FAAP,<0.003,Potable - Excelente,<0.005,Potable - Excelente,<0.0005,Potable - Excelente,<0.005,Potable - Excelente,0.012536333,Potable - Excelente,-106.01828,28.66866,2012-2022,RENAMECA
DLCHI362,08,Chihuahua,POZO,2.4235,Alta,0.8051,Potable - Excelente,0.0139875,Apta como FAAP,<0.003,Potable - Excelente,<0.005,Potable - Excelente,<0.0005,Potable - Excelente,<0.005,Potable - Excelente,<0.0015,Potable - Excelente,-105.99929,28.78626,2012-2022,RENAMECA
DLCHI364M1,08,Chihuahua,POZO,4.225,Alta,2.7111365,Potable - Excelente,0.117475,No apta como FAAP,<0.003,Potable - Excelente,<0.005,Potable - Excelente,<0.0005,Potable - Excelente,<0.005,Potable - Excelente,<0.0015,Potable - Excelente,-105.41464,28.42294,2012-2022,RENAMECA
DLCHI367M1,08,Chihuahua,POZO,1.56965,Alta,13.8413345,No apta como FAAP,0.0108125,Apta como FAAP,<0.003,Potable - Excelente,<0.005,Potable - Excelente,<0.0005,Potable - Excelente,0.006875,Potable - Excelente,<0.0015,Potable - Excelente,-105.52504,28.09053,2012-2022,RENAMECA
DLCHI378,08,Chihuahua,POZO,3.44,Alta,3.1199,Potable - Excelente,0.016532857,Apta como FAAP,<0.003,Potable - Excelente,0.009347667,Potable - Excelente,<0.0005,Potable - Excelente,<0.005,Potable - Excelente,0.010284714,Potable - Excelente,-104.65735,29.02095,2012-2022,RENAMECA
DLCHI379,08,Chihuahua,POZO,7.0251,Alta,3.784055,Potable - Excelente,0.043785,No apta como FAAP,<0.003,Potable - Excelente,0.018132286,Potable - Excelente,<0.0005,Potable - Excelente,<0.005,Potable - Excelente,0.00324525,Potable - Excelente,-104.66156,28.99189,2012-2022,RENAMECA
DLCHI386,08,Chihuahua,POZO,4.218,Alta,1.0336905,Potable - Excelente,<0.01,Potable - Excelente,<0.003,Potable - Excelente,<0.005,Potable - Excelente,<0.0005,Potable - Excelente,<0.005,Potable - Excelente,0.006188889,Potable - Excelente,-107.93687,30.74747,2012-2022,RENAMECA
DLCHI387,08,Chihuahua,POZO,5.2444,Alta,0.8556725,Potable - Excelente,0.013478889,Apta como FAAP,<0.003,Potable - Excelente,<0.005,Potable - Excelente,<0.0005,Potable - Excelente,<0.005,Potable - Excelente,0.002773333,Potable - Excelente,-108.00337,31.05437,2012-2022,RENAMECA
DLCHI389,08,Chihuahua,POZO,3.01905,Alta,2.8383,Potable - Excelente,<0.01,Potable - Excelente,,,,,<0.0005,Potable - Excelente,,,0.020775,Potable - Excelente,-107.99803,31.09684,2012-2022,RENAMECA
DLCHI390,08,Chihuahua,POZO,1.6576,Alta,1.786883,Potable - Excelente,<0.01,Potable - Excelente,<0.003,Potable - Excelente,<0.005,Potable - Excelente,<0.0005,Potable - Excelente,<0.005,Potable - Excelente,<0.0015,Potable - Excelente,-108.02664,31.10583,2012-2022,RENAMECA
DLCHI393W1,08,Chihuahua,MANANTIAL,6.37765,Alta,0.1735,Potable - Excelente,0.168673684,No apta como FAAP,<0.003,Potable - Excelente,<0.005,Potable - Excelente,<0.0005,Potable - Excelente,<0.005,Potable - Excelente,0.00705,Potable - Excelente,-105.5471,28.58899,2012-2022,RENAMECA
DLCHI395,08,Chihuahua,POZO,2.546337,Alta,0.457855,Potable - Excelente,0.087724444,No apta como FAAP,<0.003,Potable - Excelente,<0.005,Potable - Excelente,<0.0005,Potable - Excelente,<0.005,Potable - Excelente,0.001955556,Potable - Excelente,-107.61123,31.31058,2012-2022,RENAMECA
DLCHI400,08,Chihuahua,POZO,2.8868,Alta,13.149,No apta como FAAP,0.049,No apta como FAAP,<0.003,Potable - Excelente,0.007171429,Potable - Excelente,<0.0005,Potable - Excelente,<0.005,Potable - Excelente,0.001555556,Potable - Excelente,-103.97686,26.895,2012-2022,RENAMECA
DLCHI401,08,Chihuahua,POZO,0.4692,Media,15.915,No apta como FAAP,0.011822222,Apta como FAAP,<0.003,Potable - Excelente,<0.005,Potable - Excelente,0.000718125,Potable - Excelente,<0.005,Potable - Excelente,0.002994444,Potable - Excelente,-104.34589,26.75179,2012-2022,RENAMECA
DLCHI402M1,08,Chihuahua,POZO,0.7144,Potable - Optima,9.311719,Potable - Buena calidad,0.033314,No apta como FAAP,<0.003,Potable - Excelente,<0.005,Potable - Excelente,<0.0005,Potable - Excelente,<0.005,Potable - Excelente,<0.0015,Potable - Excelente,-105.355883,28.069779,2012-2022,RENAMECA
DLCHI403M1,08,Chihuahua,POZO,1.158272,Potable - Optima,2.828216,Potable - Excelente,0.025655,No apta como FAAP,<0.003,Potable - Excelente,<0.005,Potable - Excelente,<0.0005,Potable - Excelente,<0.005,Potable - Excelente,0.0018125,Potable - Excelente,-105.551356,28.228571,2012-2022,RENAMECA
DLCHI404M1,08,Chihuahua,POZO,1.650626,Alta,6.5386925,Potable - Buena calidad,0.0368425,No apta como FAAP,<0.003,Potable - Excelente,<0.005,Potable - Excelente,<0.0005,Potable - Excelente,<0.005,Potable - Excelente,0.001505,Potable - Excelente,-105.29,27.975,2012-2022,RENAMECA
DLCHI408,08,Chihuahua,POZO,0.609613,Media,5.969765,Potable - Buena calidad,0.08084125,No apta como FAAP,<0.003,Potable - Excelente,<0.005,Potable - Excelente,<0.0005,Potable - Excelente,<0.005,Potable - Excelente,0.00265625,Potable - Excelente,-104.89832,27.11688,2012-2022,RENAMECA
DLCHI409M1,08,Chihuahua,POZO,1.723648,Alta,5.038574,Potable - Buena calidad,0.064516667,No apta como FAAP,<0.003,Potable - Excelente,<0.005,Potable - Excelente,<0.0005,Potable - Excelente,<0.005,Potable - Excelente,0.0018,Potable - Excelente,-105.163889,27.7325,2012-2022,RENAMECA
DLCHI412,08,Chihuahua,POZO,1.834,Alta,2.5413,Potable - Excelente,0.130452222,No apta como FAAP,<0.003,Potable - Excelente,0.00548125,Potable - Excelente,<0.0005,Potable - Excelente,0.00958125,Potable - Excelente,0.092015556,Potable - Excelente,-105.19762,27.86334,2012-2022,RENAMECA
DLCHI426,08,Chihuahua,POZO,1.4084,Potable - Optima,9.6715,Potable - Buena calidad,0.10505,No apta como FAAP,<0.003,Potable - Excelente,0.0858,No apta como FAAP,<0.0005,Potable - Excelente,<0.005,Potable - Excelente,<0.0015,Potable - Excelente,-105.46211,28.18754,2012-2022,RENAMECA
DLCHI429,08,Chihuahua,POZO,4.35245,Alta,1.3731355,Potable - Excelente,0.114375,No apta como FAAP,<0.003,Potable - Excelente,<0.005,Potable - Excelente,<0.0005,Potable - Excelente,<0.005,Potable - Excelente,0.014725,Potable - Excelente,-105.411715,28.424252,2012-2022,RENAMECA
DLCHI5636,08,Chihuahua,POZO,1.193,Potable - Optima,2.387218,Potable - Excelente,0.1128,No apta como FAAP,<0.003,Potable - Excelente,<0.005,Potable - Excelente,<0.0005,Potable - Excelente,<0.005,Potable - Excelente,<0.0015,Potable - Excelente,-105.195278,27.863333,2012-2022,RENAMECA
DLCHI5637,08,Chihuahua,POZO,0.9269,Potable - Optima,4.904383,Potable - Excelente,0.0412,No apta como FAAP,<0.003,Potable - Excelente,<0.005,Potable - Excelente,<0.0005,Potable - Excelente,<0.005,Potable - Excelente,0.0049,Potable - Excelente,-104.93222,27.49671,2012-2022,RENAMECA
DLCHI5641,08,Chihuahua,POZO,1.1754,Potable - Optima,1.558963,Potable - Excelente,0.0474,No apta como FAAP,<0.003,Potable - Excelente,<0.005,Potable - Excelente,<0.0005,Potable - Excelente,<0.005,Potable - Excelente,0.011,Potable - Excelente,-104.95626,27.50366,2012-2022,RENAMECA
DLCHI5642,08,Chihuahua,POZO,1.5938,Alta,5.767853,Potable - Buena calidad,0.0561,No apta como FAAP,<0.003,Potable - Excelente,0.0061,Potable - Excelente,<0.0005,Potable - Excelente,<0.005,Potable - Excelente,0.0033,Potable - Excelente,-104.93393,27.50956,2012-2022,RENAMECA
DLCHI5643,08,Chihuahua,POZO,1.3142,Potable - Optima,0.436003,Potable - Excelente,0.0381,No apta como FAAP,<0.003,Potable - Excelente,<0.005,Potable - Excelente,<0.0005,Potable - Excelente,<0.005,Potable - Excelente,0.0214,Potable - Excelente,-104.934444,27.535833,2012-2022,RENAMECA
DLCHI5649,08,Chihuahua,POZO,0.7244,Potable - Optima,2.348853,Potable - Excelente,0.0642,No apta como FAAP,<0.003,Potable - Excelente,<0.005,Potable - Excelente,<0.0005,Potable - Excelente,<0.005,Potable - Excelente,0.0099,Potable - Excelente,-104.881111,27.183056,2012-2022,RENAMECA
DLCHI5650,08,Chihuahua,POZO,0.6618,Media,1.645007,Potable - Excelente,0.0517,No apta como FAAP,<0.003,Potable - Excelente,<0.005,Potable - Excelente,<0.0005,Potable - Excelente,<0.005,Potable - Excelente,0.0206,Potable - Excelente,-104.88223,27.26166,2012-2022,RENAMECA
DLCHI5651,08,Chihuahua,POZO,1.4739,Potable - Optima,1.879558,Potable - Excelente,0.1314,No apta como FAAP,<0.003,Potable - Excelente,<0.005,Potable - Excelente,<0.0005,Potable - Excelente,<0.005,Potable - Excelente,0.002,Potable - Excelente,-104.91357,27.43071,2012-2022,RENAMECA
DLCHI5652,08,Chihuahua,POZO,1.1077,Potable - Optima,0.540469,Potable - Excelente,0.0519,No apta como FAAP,<0.003,Potable - Excelente,<0.005,Potable - Excelente,<0.0005,Potable - Excelente,<0.005,Potable - Excelente,0.002,Potable - Excelente,-104.9425,27.456667,2012-2022,RENAMECA
DLCHI5653,08,Chihuahua,POZO,0.4344,Media,19.148331,No apta como FAAP,0.0228,Apta como FAAP,<0.003,Potable - Excelente,<0.005,Potable - Excelente,<0.0005,Potable - Excelente,<0.005,Potable - Excelente,<0.0015,Potable - Excelente,-104.88268,27.27826,2012-2022,RENAMECA
DLCHI5656,08,Chihuahua,POZO,1.0895,Potable - Optima,3.782996,Potable - Excelente,0.0946,No apta como FAAP,<0.003,Potable - Excelente,<0.005,Potable - Excelente,<0.0005,Potable - Excelente,<0.005,Potable - Excelente,0.0079,Potable - Excelente,-104.82993,27.24067,2012-2022,RENAMECA
DLCHI5659,08,Chihuahua,POZO,1.4886,Potable - Optima,0.423732,Potable - Excelente,0.1261,No apta como FAAP,<0.003,Potable - Excelente,0.0063,Potable - Excelente,<0.0005,Potable - Excelente,<0.005,Potable - Excelente,0.007,Potable - Excelente,-104.98509,28.10439,2012-2022,RENAMECA
DLCHI5660,08,Chihuahua,POZO,0.5841,Media,2.231644,Potable - Excelente,0.0292,No apta como FAAP,<0.003,Potable - Excelente,<0.005,Potable - Excelente,<0.0005,Potable - Excelente,<0.005,Potable - Excelente,0.0017,Potable - Excelente,-104.975833,27.088611,2012-2022,RENAMECA
DLCHI5662,08,Chihuahua,POZO,1.3443,Potable - Optima,2.920382,Potable - Excelente,0.0343,No apta como FAAP,<0.003,Potable - Excelente,0.0083,Potable - Excelente,<0.0005,Potable - Excelente,<0.005,Potable - Excelente,0.018,Potable - Excelente,-104.943611,27.043056,2012-2022,RENAMECA
DLCHI5663,08,Chihuahua,POZO,1.1945,Potable - Optima,<0.02,Potable - Excelente,0.0814,No apta como FAAP,<0.003,Potable - Excelente,<0.005,Potable - Excelente,<0.0005,Potable - Excelente,<0.005,Potable - Excelente,0.0073,Potable - Excelente,-104.971111,27.049722,2012-2022,RENAMECA
DLCHI5669,08,Chihuahua,POZO,0.6425,Media,4.982889,Potable - Excelente,0.0819,No apta como FAAP,<0.003,Potable - Excelente,<0.005,Potable - Excelente,<0.0005,Potable - Excelente,<0.005,Potable - Excelente,0.0046,Potable - Excelente,-104.915556,27.128333,2012-2022,RENAMECA
DLCHI5673,08,Chihuahua,POZO,1.3743,Potable - Optima,3.719862,Potable - Excelente,0.0933,No apta como FAAP,<0.003,Potable - Excelente,<0.005,Potable - Excelente,<0.0005,Potable - Excelente,<0.005,Potable - Excelente,<0.0015,Potable - Excelente,-105.204444,27.863056,2012-2022,RENAMECA
DLCHI5676,08,Chihuahua,POZO,0.7245,Potable - Optima,2.546115,Potable - Excelente,0.0586,No apta como FAAP,<0.003,Potable - Excelente,<0.005,Potable - Excelente,<0.0005,Potable - Excelente,<0.005,Potable - Excelente,<0.0015,Potable - Excelente,-105.166667,27.833333,2012-2022,RENAMECA
DLCHI5680,08,Chihuahua,POZO,2.5501,Alta,0.075506,Potable - Excelente,0.085,No apta como FAAP,<0.003,Potable - Excelente,<0.005,Potable - Excelente,<0.0005,Potable - Excelente,0.008,Potable - Excelente,0.42,Puede afectar la salud,-105.362778,28.069722,2012-2022,RENAMECA
DLCHI5681,08,Chihuahua,POZO,1.4021,Potable - Optima,7.044114,Potable - Buena calidad,0.0291,No apta como FAAP,<0.003,Potable - Excelente,<0.005,Potable - Excelente,<0.0005,Potable - Excelente,<0.005,Potable - Excelente,0.006,Potable - Excelente,-105.313611,28.080833,2012-2022,RENAMECA
DLCHI5684,08,Chihuahua,POZO,1.5609,Alta,6.917488,Potable - Buena calidad,0.0145,Apta como FAAP,<0.003,Potable - Excelente,0.0094,Potable - Excelente,<0.0005,Potable - Excelente,<0.005,Potable - Excelente,0.0037,Potable - Excelente,-105.53474,28.07342,2012-2022,RENAMECA
DLCHI5685,08,Chihuahua,POZO,1.8055,Alta,7.548002,Potable - Buena calidad,0.0504,No apta como FAAP,<0.003,Potable - Excelente,<0.005,Potable - Excelente,<0.0005,Potable - Excelente,<0.005,Potable - Excelente,<0.0015,Potable - Excelente,-105.276389,27.995833,2012-2022,RENAMECA
DLCHI5688,08,Chihuahua,POZO,1.7296,Alta,7.055183,Potable - Buena calidad,0.0518,No apta como FAAP,<0.003,Potable - Excelente,<0.005,Potable - Excelente,<0.0005,Potable - Excelente,0.0257,No apta como FAAP,0.0019,Potable - Excelente,-105.28475,27.96726,2012-2022,RENAMECA
DLCHI5691,08,Chihuahua,POZO,1.5026,Alta,23.666095,No apta como FAAP,0.0667,No apta como FAAP,<0.003,Potable - Excelente,<0.005,Potable - Excelente,<0.0005,Potable - Excelente,<0.005,Potable - Excelente,0.0609,Potable - Excelente,-105.312778,28.070278,2012-2022,RENAMECA
DLCHI5692,08,Chihuahua,POZO,2.8077,Alta,7.953787,Potable - Buena calidad,0.203,No apta como FAAP,<0.003,Potable - Excelente,<0.005,Potable - Excelente,<0.0005,Potable - Excelente,0.0104,No apta como FAAP,<0.0015,Potable - Excelente,-105.317778,28.044444,2012-2022,RENAMECA
DLCHI5693,08,Chihuahua,POZO,1.3822,Potable - Optima,9.908572,Potable - Buena calidad,0.033,No apta como FAAP,<0.003,Potable - Excelente,<0.005,Potable - Excelente,<0.0005,Potable - Excelente,0.0132,No apta como FAAP,0.0032,Potable - Excelente,-105.290833,28.030833,2012-2022,RENAMECA
DLCHI5695,08,Chihuahua,POZO,0.6946,Media,11.023441,No apta como FAAP,<0.01,Potable - Excelente,<0.003,Potable - Excelente,<0.005,Potable - Excelente,<0.0005,Potable - Excelente,0.0294,No apta como FAAP,<0.0015,Potable - Excelente,-105.23444,27.98667,2012-2022,RENAMECA
DLCHI5696,08,Chihuahua,POZO,1.1965,Potable - Optima,10.66535,Potable - Buena calidad,0.0494,No apta como FAAP,<0.003,Potable - Excelente,<0.005,Potable - Excelente,<0.0005,Potable - Excelente,0.0441,No apta como FAAP,0.0027,Potable - Excelente,-105.22813,27.96032,2012-2022,RENAMECA
DLCOA447,05,Coahuila,POZO,0.60885,Media,32.982565,No apta como FAAP,<0.01,Potable - Excelente,<0.003,Potable - Excelente,0.013,Potable - Excelente,<0.0005,Potable - Excelente,<0.005,Potable - Excelente,0.0036275,Potable - Excelente,-100.96212,25.53818,2012-2022,RENAMECA
DLCOA455,05,Coahuila,POZO,0.389751,Baja,25.2088,No apta como FAAP,<0.01,Potable - Excelente,<0.003,Potable - Excelente,0.005642857,Potable - Excelente,<0.0005,Potable - Excelente,<0.005,Potable - Excelente,0.004038889,Potable - Excelente,-101.32825,25.91717,2012-2022,RENAMECA
DLCOA456,05,Coahuila,POZO,2.867,Alta,<0.02,Potable - Excelente,<0.01,Potable - Excelente,<0.003,Potable - Excelente,<0.005,Potable - Excelente,<0.0005,Potable - Excelente,<0.005,Potable - Excelente,<0.0015,Potable - Excelente,-101.26036,25.28887,2012-2022,RENAMECA
DLCOA476,05,Coahuila,POZO,0.5064,Media,38.63959,No apta como FAAP,<0.01,Potable - Excelente,<0.003,Potable - Excelente,<0.005,Potable - Excelente,<0.0005,Potable - Excelente,<0.005,Potable - Excelente,0.0165,Potable - Excelente,-100.89375,25.61108,2012-2022,RENAMECA
DLCOA497,05,Coahuila,POZO,1.7734,Alta,57.121199,No apta como FAAP,0.0932,No apta como FAAP,<0.003,Potable - Excelente,<0.005,Potable - Excelente,<0.0005,Potable - Excelente,<0.005,Potable - Excelente,0.0042,Potable - Excelente,-103.46597,27.07335,2012-2022,RENAMECA
DLCOA498,05,Coahuila,POZO,2.8058,Alta,1.313296,Potable - Excelente,0.01098,Apta como FAAP,<0.003,Potable - Excelente,<0.005,Potable - Excelente,<0.0005,Potable - Excelente,<0.005,Potable - Excelente,0.00154,Potable - Excelente,-103.34128,27.02141,2012-2022,RENAMECA
DLCOA499,05,Coahuila,POZO,3.10945,Alta,25.695247,No apta como FAAP,0.014589091,Apta como FAAP,<0.003,Potable - Excelente,<0.005,Potable - Excelente,<0.0005,Potable - Excelente,<0.005,Potable - Excelente,<0.0015,Potable - Excelente,-102.26766,26.60065,2012-2022,RENAMECA
DLCOA522,05,Coahuila,POZO,0.4035,Media,0.29663,Potable - Excelente,<0.01,Potable - Excelente,<0.003,Potable - Excelente,<0.005,Potable - Excelente,<0.0005,Potable - Excelente,<0.005,Potable - Excelente,0.1746125,Sin efectos en la salud - Puede dar color al agua,-102.17488,25.4889,2012-2022,RENAMECA
DLCOA528,05,Coahuila,POZO,0.3629,Baja,5.3362425,Potable - Buena calidad,0.063,No apta como FAAP,<0.003,Potable - Excelente,<0.005,Potable - Excelente,<0.0005,Potable - Excelente,<0.005,Potable - Excelente,<0.0015,Potable - Excelente,-102.15225,25.44787,2012-2022,RENAMECA
DLCOA529,05,Coahuila,POZO,0.381843,Baja,21.076,No apta como FAAP,<0.01,Potable - Excelente,<0.003,Potable - Excelente,<0.005,Potable - Excelente,<0.0005,Potable - Excelente,<0.005,Potable - Excelente,<0.0015,Potable - Excelente,-102.0033,25.41228,2012-2022,RENAMECA
DLCOA534,05,Coahuila,POZO,0.322371,Baja,16.785211,No apta como FAAP,<0.01,Potable - Excelente,<0.003,Potable - Excelente,<0.005,Potable - Excelente,<0.0005,Potable - Excelente,<0.005,Potable - Excelente,<0.0015,Potable - Excelente,-101.87539,25.65501,2012-2022,RENAMECA
DLCOA5370,05,Coahuila,POZO,0.4532,Media,17.9550855,No apta como FAAP,<0.01,Potable - Excelente,<0.003,Potable - Excelente,<0.005,Potable - Excelente,<0.0005,Potable - Excelente,<0.005,Potable - Excelente,<0.0015,Potable - Excelente,-101.48,25.380833,2012-2022,RENAMECA
DOMICILIARIA MAZACAHUI,26,Sonora,POZO,0.68,Media,37.906,No apta como FAAP,<0.01,Potable - Excelente,<0.003,Potable - Excelente,<0.005,Potable - Excelente,<0.0005,Potable - Excelente,<0.005,Potable - Excelente,<0.0015,Potable - Excelente,-110.11896,29.54035,2012-2022,RENAMECA
GCAEH00022,19,Nuevo Leon,POZO,0.2101,Baja,12.8895,No apta como FAAP,<0.01,Potable - Excelente,<0.003,Potable - Excelente,<0.005,Potable - Excelente,<0.0005,Potable - Excelente,<0.005,Potable - Excelente,0.00412,Potable - Excelente,-100.23212,25.67522,2012-2022,RENAMECA
GCAEH00023,19,Nuevo Leon,POZO,0.2828,Baja,12.7318,No apta como FAAP,<0.01,Potable - Excelente,<0.003,Potable - Excelente,<0.005,Potable - Excelente,<0.0005,Potable - Excelente,<0.005,Potable - Excelente,<0.0015,Potable - Excelente,-100.26352,25.7557,2012-2022,RENAMECA
GCAEH00024,19,Nuevo Leon,POZO,0.3362,Baja,11.8345,No apta como FAAP,<0.01,Potable - Excelente,<0.003,Potable - Excelente,<0.005,Potable - Excelente,<0.0005,Potable - Excelente,<0.005,Potable - Excelente,<0.0015,Potable - Excelente,-100.27782,25.75205,2012-2022,RENAMECA
GCAEH00045,05,Coahuila,POZO,0.497252,Media,0.0497,Potable - Excelente,<0.01,Potable - Excelente,<0.003,Potable - Excelente,<0.005,Potable - Excelente,<0.0005,Potable - Excelente,<0.005,Potable - Excelente,0.5249,Puede afectar la salud,-101.16569,27.87942,2012-2022,RENAMECA
GCAEH00046,05,Coahuila,POZO,0.560446,Media,0.0324,Potable - Excelente,<0.01,Potable - Excelente,<0.003,Potable - Excelente,<0.005,Potable - Excelente,<0.0005,Potable - Excelente,<0.005,Potable - Excelente,0.8138,Puede afectar la salud,-101.16467,27.87936,2012-2022,RENAMECA
GCAEH00050,05,Coahuila,POZO,0.55064,Media,0.0646,Potable - Excelente,<0.01,Potable - Excelente,<0.003,Potable - Excelente,<0.005,Potable - Excelente,<0.0005,Potable - Excelente,<0.005,Potable - Excelente,0.6498,Puede afectar la salud,-101.16441,27.87703,2012-2022,RENAMECA
GCAEH00051,05,Coahuila,POZO,0.469973,Media,<0.02,Potable - Excelente,<0.01,Potable - Excelente,<0.003,Potable - Excelente,<0.005,Potable - Excelente,<0.0005,Potable - Excelente,<0.005,Potable - Excelente,0.7249,Puede afectar la salud,-101.16443,27.87699,2012-2022,RENAMECA
GCAEH00052,05,Coahuila,POZO,0.535683,Media,0.416,Potable - Excelente,<0.01,Potable - Excelente,<0.003,Potable - Excelente,<0.005,Potable - Excelente,<0.0005,Potable - Excelente,<0.005,Potable - Excelente,1.248,Puede afectar la salud,-101.16372,27.87983,2012-2022,RENAMECA
GCAEH00053,05,Coahuila,POZO,0.542529,Media,0.2506,Potable - Excelente,<0.01,Potable - Excelente,<0.003,Potable - Excelente,<0.005,Potable - Excelente,<0.0005,Potable - Excelente,<0.005,Potable - Excelente,1.365,Puede afectar la salud,-101.16396,27.88863,2012-2022,RENAMECA
GCALNR00001,26,Sonora,POZO,3.35,Alta,,,<0.01,Potable - Excelente,<0.003,Potable - Excelente,<0.005,Potable - Excelente,<0.0005,Potable - Excelente,<0.005,Potable - Excelente,<0.0015,Potable - Excelente,-112.381017,29.568528,2012-2022,RENAMECA
GCALNR00002,26,Sonora,POZO,3.1,Alta,,,<0.01,Potable - Excelente,<0.003,Potable - Excelente,<0.005,Potable - Excelente,,,<0.005,Potable - Excelente,<0.0015,Potable - Excelente,-112.158708,29.011314,2012-2022,RENAMECA
GCALNR00003,26,Sonora,POZO,10.195,Alta,,,<0.01,Potable - Excelente,<0.003,Potable - Excelente,<0.005,Potable - Excelente,<0.0005,Potable - Excelente,<0.005,Potable - Excelente,<0.0015,Potable - Excelente,-112.395697,29.504828,2012-2022,RENAMECA
GCALNR00004,26,Sonora,POZO,1.9215,Alta,,,0.1516,No apta como FAAP,<0.003,Potable - Excelente,<0.005,Potable - Excelente,<0.0005,Potable - Excelente,<0.005,Potable - Excelente,<0.0015,Potable - Excelente,-112.38108,29.56853,2012-2022,RENAMECA
GCALNR00013,26,Sonora,POZO,4.6832,Alta,,,0.0151,Apta como FAAP,<0.003,Potable - Excelente,<0.005,Potable - Excelente,,,<0.005,Potable - Excelente,<0.0015,Potable - Excelente,-111.947731,28.981269,2012-2022,RENAMECA
GCALNR00064,26,Sonora,POZO,11.0142,Alta,,,,,,,,,,,,,,,-112.381017,29.568528,2012-2022,RENAMECA
MET-076,26,Sonora,POZO,0.80745,Potable - Optima,5.673565,Potable - Buena calidad,<0.01,Potable - Excelente,<0.003,Potable - Excelente,<0.005,Potable - Excelente,<0.0005,Potable - Excelente,<0.005,Potable - Excelente,0.21155,Sin efectos en la salud - Puede dar color al agua,-110.12923,29.57729,2012-2022,RENAMECA
MET-080,26,Sonora,POZO,1.58575,Alta,1.099589,Potable - Excelente,<0.01,Potable - Excelente,<0.003,Potable - Excelente,<0.005,Potable - Excelente,<0.0005,Potable - Excelente,<0.005,Potable - Excelente,0.001625,Potable - Excelente,-110.13473,29.65079,2012-2022,RENAMECA
MET-112,26,Sonora,POZO,8.8993,Alta,0.9774905,Potable - Excelente,0.01825,Apta como FAAP,<0.003,Potable - Excelente,0.01835,Potable - Excelente,<0.0005,Potable - Excelente,<0.005,Potable - Excelente,<0.0015,Potable - Excelente,-110.46914,29.37303,2012-2022,RENAMECA
OCCCN0017RNL21,05,Coahuila,POZO,3.2,Alta,2.7,Potable - Excelente,0.2189,No apta como FAAP,,,,,,,,,,,-103.107028,26.210972,2012-2022,RENAMECA
OCCCN5290M1,05,Coahuila,POZO,3.2243,Alta,11.7659,No apta como FAAP,<0.01,Potable - Excelente,,,,,<0.0005,Potable - Excelente,,,0.0927,Potable - Excelente,-103.14381,26.64019,2012-2022,RENAMECA
OCCCN5294M1,05,Coahuila,POZO,3.225887,Alta,5.278,Potable - Buena calidad,0.019766667,Apta como FAAP,<0.003,Potable - Excelente,<0.005,Potable - Excelente,<0.0005,Potable - Excelente,<0.005,Potable - Excelente,0.002116667,Potable - Excelente,-103.04492,26.47659,2012-2022,RENAMECA
OCGNO6329,28,Tamaulipas,POZO,0.7,Potable - Optima,21.4008,No apta como FAAP,<0.01,Potable - Excelente,<0.003,Potable - Excelente,0.009073333,Potable - Excelente,0.000733333,Potable - Excelente,<0.005,Potable - Excelente,0.007756667,Potable - Excelente,-98.154556,25.140028,2012-2022,RENAMECA
OCNOR3986,26,Sonora,POZO,1.13335,Potable - Optima,8.8003515,Potable - Buena calidad,0.03732375,No apta como FAAP,<0.003,Potable - Excelente,<0.005,Potable - Excelente,<0.0005,Potable - Excelente,<0.005,Potable - Excelente,0.07809625,Potable - Excelente,-109.55489,31.2372,2012-2022,RENAMECA
OCNOR4001,26,Sonora,POZO,1.50655,Alta,0.8403335,Potable - Excelente,<0.01,Potable - Excelente,<0.003,Potable - Excelente,<0.005,Potable - Excelente,<0.0005,Potable - Excelente,<0.005,Potable - Excelente,<0.0015,Potable - Excelente,-110.97273,31.33135,2012-2022,RENAMECA
OCNOR4008,26,Sonora,POZO,11.92995,Alta,2.102,Potable - Excelente,0.0698375,No apta como FAAP,<0.003,Potable - Excelente,0.018116667,Potable - Excelente,<0.0005,Potable - Excelente,0.006066667,Potable - Excelente,<0.0015,Potable - Excelente,-111.42039,30.62337,2012-2022,RENAMECA
OCNOR4010,26,Sonora,POZO,0.8821,Potable - Optima,4.517102,Potable - Excelente,0.059585556,No apta como FAAP,<0.003,Potable - Excelente,0.013634286,Potable - Excelente,<0.0005,Potable - Excelente,0.006514286,Potable - Excelente,<0.0015,Potable - Excelente,-111.10273,30.3647,2012-2022,RENAMECA
OCNOR4033,26,Sonora,POZO,0.3301,Baja,1.918266,Potable - Excelente,<0.01,Potable - Excelente,0.017642857,No apta como FAAP,0.018471429,Potable - Excelente,<0.0005,Potable - Excelente,0.007542857,Potable - Excelente,<0.0015,Potable - Excelente,-111.03294,30.04605,2012-2022,RENAMECA
OCNOR4038,26,Sonora,POZO,4.053097,Alta,0.8104095,Potable - Excelente,0.031974444,No apta como FAAP,<0.003,Potable - Excelente,0.010561429,Potable - Excelente,<0.0005,Potable - Excelente,<0.005,Potable - Excelente,0.002242222,Potable - Excelente,-110.85297,29.1707,2012-2022,RENAMECA
OCNOR4039,26,Sonora,POZO,0.56715,Media,11.6635175,No apta como FAAP,0.014325,Apta como FAAP,<0.003,Potable - Excelente,<0.005,Potable - Excelente,<0.0005,Potable - Excelente,<0.005,Potable - Excelente,0.00158,Potable - Excelente,-110.83528,29.08897,2012-2022,RENAMECA
OCNOR4040,26,Sonora,POZO,2.62105,Alta,3.2936555,Potable - Excelente,0.02894125,No apta como FAAP,<0.003,Potable - Excelente,0.017128571,Potable - Excelente,<0.0005,Potable - Excelente,<0.005,Potable - Excelente,<0.0015,Potable - Excelente,-110.87231,29.1931,2012-2022,RENAMECA
OCNOR4045,26,Sonora,POZO,1.8762,Alta,1.368387,Potable - Excelente,0.0576,No apta como FAAP,<0.003,Potable - Excelente,0.03345,Potable - Excelente,<0.0005,Potable - Excelente,<0.005,Potable - Excelente,0.0034125,Potable - Excelente,-110.80416,29.22142,2012-2022,RENAMECA
OCNOR4063,26,Sonora,POZO,1.91295,Alta,1.076895,Potable - Excelente,0.0422125,No apta como FAAP,<0.003,Potable - Excelente,0.029383333,Potable - Excelente,<0.0005,Potable - Excelente,<0.005,Potable - Excelente,<0.0015,Potable - Excelente,-109.47377,29.62448,2012-2022,RENAMECA
OCNOR4115,26,Sonora,POZO,0.28055,Baja,0.053596,Potable - Excelente,<0.01,Potable - Excelente,<0.003,Potable - Excelente,<0.005,Potable - Excelente,<0.0005,Potable - Excelente,<0.005,Potable - Excelente,1.5624,Puede afectar la salud,-110.07716,27.54914,2012-2022,RENAMECA
OCNOR4130,26,Sonora,POZO,0.315502,Baja,0.6071,Potable - Excelente,<0.01,Potable - Excelente,<0.003,Potable - Excelente,0.009657143,Potable - Excelente,<0.0005,Potable - Excelente,0.007157143,Potable - Excelente,1.005666667,Puede afectar la salud,-110.20887,27.55372,2012-2022,RENAMECA
OCNOR4132,26,Sonora,POZO,0.2618,Baja,0.0764,Potable - Excelente,<0.01,Potable - Excelente,<0.003,Potable - Excelente,<0.005,Potable - Excelente,<0.0005,Potable - Excelente,<0.005,Potable - Excelente,1.19728,Puede afectar la salud,-110.14316,27.51951,2012-2022,RENAMECA
OCNOR4145,26,Sonora,POZO,0.309303,Baja,14.0936,No apta como FAAP,<0.01,Potable - Excelente,<0.003,Potable - Excelente,<0.005,Potable - Excelente,<0.0005,Potable - Excelente,<0.005,Potable - Excelente,<0.0015,Potable - Excelente,-109.37109,27.83808,2012-2022,RENAMECA
OCNOR4155,26,Sonora,POZO,1.450059,Potable - Optima,5.010864,Potable - Buena calidad,0.02724,No apta como FAAP,<0.003,Potable - Excelente,0.0197,Potable - Excelente,<0.0005,Potable - Excelente,<0.005,Potable - Excelente,<0.0015,Potable - Excelente,-110.697,28.145,2012-2022,RENAMECA
OCNOR4178,26,Sonora,POZO,1.95025,Alta,3.420838,Potable - Excelente,0.032383,No apta como FAAP,<0.003,Potable - Excelente,0.0134425,Potable - Excelente,<0.0005,Potable - Excelente,<0.005,Potable - Excelente,0.01608,Potable - Excelente,-110.68851,28.29499,2012-2022,RENAMECA
OCNOR4205,26,Sonora,POZO,3.3949,Alta,5.783091,Potable - Buena calidad,<0.01,Potable - Excelente,<0.003,Potable - Excelente,0.01428,Potable - Excelente,<0.0005,Potable - Excelente,<0.005,Potable - Excelente,<0.0015,Potable - Excelente,-113.313056,31.5994,2012-2022,RENAMECA
OCNOR4205M1,26,Sonora,POZO,4.48052,Alta,2.5184785,Potable - Excelente,0.0135,Apta como FAAP,<0.003,Potable - Excelente,0.01225,Potable - Excelente,<0.0005,Potable - Excelente,<0.005,Potable - Excelente,<0.0015,Potable - Excelente,-113.336966,31.597436,2012-2022,RENAMECA
OCNOR4211,26,Sonora,POZO,6.1026315,Alta,4.8173295,Potable - Excelente,<0.01,Potable - Excelente,<0.003,Potable - Excelente,0.03426125,Potable - Excelente,<0.0005,Potable - Excelente,<0.005,Potable - Excelente,<0.0015,Potable - Excelente,-113.31117,31.583167,2012-2022,RENAMECA
OCNOR4212,26,Sonora,POZO,5.0081,Alta,1.58207,Potable - Excelente,0.040245455,No apta como FAAP,<0.003,Potable - Excelente,<0.005,Potable - Excelente,<0.0005,Potable - Excelente,<0.005,Potable - Excelente,0.01043,Potable - Excelente,-113.38027,31.48255,2012-2022,RENAMECA
OCNOR4213,26,Sonora,POZO,3.9579,Alta,1.596478,Potable - Excelente,0.016937778,Apta como FAAP,<0.003,Potable - Excelente,0.006265,Potable - Excelente,<0.0005,Potable - Excelente,<0.005,Potable - Excelente,0.005697778,Potable - Excelente,-113.397778,31.483056,2012-2022,RENAMECA
OCNOR4214,26,Sonora,POZO,4.202552,Alta,1.6978395,Potable - Excelente,0.018289,Apta como FAAP,<0.003,Potable - Excelente,0.009365,Potable - Excelente,<0.0005,Potable - Excelente,<0.005,Potable - Excelente,0.005123,Potable - Excelente,-113.393333,31.482694,2012-2022,RENAMECA
OCNOR4218,26,Sonora,POZO,4.5251,Alta,1.387,Potable - Excelente,0.030555556,No apta como FAAP,<0.003,Potable - Excelente,0.009287143,Potable - Excelente,<0.0005,Potable - Excelente,<0.005,Potable - Excelente,<0.0015,Potable - Excelente,-113.011667,30.955389,2012-2022,RENAMECA
OCNOR4219,26,Sonora,POZO,0.49755,Media,26.58235,No apta como FAAP,<0.01,Potable - Excelente,<0.003,Potable - Excelente,0.008383333,Potable - Excelente,<0.0005,Potable - Excelente,<0.005,Potable - Excelente,<0.0015,Potable - Excelente,-112.9422,30.63,2012-2022,RENAMECA
OCNOR4221,26,Sonora,POZO,0.868,Potable - Optima,7.8416025,Potable - Buena calidad,0.031424,No apta como FAAP,<0.003,Potable - Excelente,<0.005,Potable - Excelente,<0.0005,Potable - Excelente,<0.005,Potable - Excelente,0.001601,Potable - Excelente,-112.164167,30.703528,2012-2022,RENAMECA
OCNOR4223,26,Sonora,POZO,4.5278,Alta,2.67,Potable - Excelente,0.0839025,No apta como FAAP,<0.003,Potable - Excelente,0.057595,No apta como FAAP,<0.0005,Potable - Excelente,<0.005,Potable - Excelente,0.00708375,Potable - Excelente,-112.6016,31.6908,2012-2022,RENAMECA
OCNOR4224,26,Sonora,POZO,1.276,Potable - Optima,19.998,No apta como FAAP,<0.01,Potable - Excelente,<0.003,Potable - Excelente,<0.005,Potable - Excelente,<0.0005,Potable - Excelente,<0.005,Potable - Excelente,0.00509,Potable - Excelente,-112.80475,31.638333,2012-2022,RENAMECA
OCNOR4224M1,26,Sonora,POZO,1.880755,Alta,3.4699095,Potable - Excelente,0.07273,No apta como FAAP,<0.003,Potable - Excelente,0.0087775,Potable - Excelente,<0.0005,Potable - Excelente,<0.005,Potable - Excelente,0.010025,Potable - Excelente,-112.750556,31.515833,2012-2022,RENAMECA
OCNOR4225,26,Sonora,POZO,3.848,Alta,5.94962,Potable - Buena calidad,0.015678182,Apta como FAAP,<0.003,Potable - Excelente,0.01485,Potable - Excelente,0.0007971,Potable - Excelente,<0.005,Potable - Excelente,0.002277273,Potable - Excelente,-112.8298,31.8692,2012-2022,RENAMECA
OCNOR4226,26,Sonora,POZO,6.912,Alta,1.6,Potable - Excelente,<0.01,Potable - Excelente,<0.003,Potable - Excelente,<0.005,Potable - Excelente,0.00052,Potable - Excelente,<0.005,Potable - Excelente,0.05415,Potable - Excelente,-113.104667,31.934722,2012-2022,RENAMECA
OCNOR4226M1,26,Sonora,POZO,11.125817,Alta,3.9491595,Potable - Excelente,0.031908333,No apta como FAAP,<0.003,Potable - Excelente,<0.005,Potable - Excelente,<0.0005,Potable - Excelente,<0.005,Potable - Excelente,0.006505,Potable - Excelente,-112.882705,31.886913,2012-2022,RENAMECA
OCNOR4227,26,Sonora,POZO,5.264,Alta,2.143385,Potable - Excelente,0.01125,Apta como FAAP,<0.003,Potable - Excelente,0.007642857,Potable - Excelente,<0.0005,Potable - Excelente,<0.005,Potable - Excelente,0.00486,Potable - Excelente,-113.108056,31.939167,2012-2022,RENAMECA
OCNOR4231,26,Sonora,POZO,2.65525,Alta,3.556803,Potable - Excelente,0.0314625,No apta como FAAP,<0.003,Potable - Excelente,0.010266667,Potable - Excelente,<0.0005,Potable - Excelente,<0.005,Potable - Excelente,0.00946875,Potable - Excelente,-111.22335,28.31952,2012-2022,RENAMECA
OCNOR6227,26,Sonora,POZO,11.9575,Alta,0.114245,Potable - Excelente,0.0462,No apta como FAAP,<0.003,Potable - Excelente,<0.005,Potable - Excelente,<0.0005,Potable - Excelente,<0.005,Potable - Excelente,0.0029,Potable - Excelente,-110.83952,30.820725,2012-2022,RENAMECA
OCNOR6228,26,Sonora,POZO,0.28275,Baja,5.976085,Potable - Buena calidad,<0.01,Potable - Excelente,<0.003,Potable - Excelente,<0.005,Potable - Excelente,<0.0005,Potable - Excelente,0.0112,No apta como FAAP,0.001625,Potable - Excelente,-110.349535,28.714982,2012-2022,RENAMECA
OCNOR6229,26,Sonora,POZO,1.6915,Alta,2.084031,Potable - Excelente,0.0171,Apta como FAAP,<0.003,Potable - Excelente,<0.005,Potable - Excelente,<0.0005,Potable - Excelente,<0.005,Potable - Excelente,<0.0015,Potable - Excelente,-110.633896,30.633896,2012-2022,RENAMECA
OCNOR6231,26,Sonora,POZO,0.3125,Baja,2.866216,Potable - Excelente,<0.01,Potable - Excelente,<0.003,Potable - Excelente,<0.005,Potable - Excelente,<0.0005,Potable - Excelente,0.0166,No apta como FAAP,0.0016,Potable - Excelente,-109.685299,29.79924,2012-2022,RENAMECA
OCNOR6243,26,Sonora,POZO,0.3369,Baja,1.421209,Potable - Excelente,0.0232,Apta como FAAP,<0.003,Potable - Excelente,<0.005,Potable - Excelente,<0.0005,Potable - Excelente,0.0159,No apta como FAAP,<0.0015,Potable - Excelente,-110.70481,30.336264,2012-2022,RENAMECA
OCNOR6245,26,Sonora,POZO,<0.2,Baja,5.442514,Potable - Buena calidad,<0.01,Potable - Excelente,<0.003,Potable - Excelente,<0.005,Potable - Excelente,<0.0005,Potable - Excelente,0.019,No apta como FAAP,0.0669,Potable - Excelente,-110.139836,29.00199,2012-2022,RENAMECA
OCNOR6252,26,Sonora,POZO,0.2426,Baja,5.230793,Potable - Buena calidad,<0.01,Potable - Excelente,<0.003,Potable - Excelente,<0.005,Potable - Excelente,<0.0005,Potable - Excelente,0.0228,No apta como FAAP,<0.0015,Potable - Excelente,-110.05714,29.06287,2012-2022,RENAMECA
OCNOR6253,26,Sonora,POZO,0.9679,Potable - Optima,1.4150775,Potable - Excelente,0.0281,No apta como FAAP,<0.003,Potable - Excelente,<0.005,Potable - Excelente,<0.0005,Potable - Excelente,<0.005,Potable - Excelente,<0.0015,Potable - Excelente,-111.11377,30.548729,2012-2022,RENAMECA
OCNOR6259,26,Sonora,POZO,0.316,Baja,0.438982,Potable - Excelente,<0.01,Potable - Excelente,<0.003,Potable - Excelente,<0.005,Potable - Excelente,<0.0005,Potable - Excelente,<0.005,Potable - Excelente,0.2357,Sin efectos en la salud - Puede dar color al agua,-109.16754,28.86228,2012-2022,RENAMECA
OCNOR6266,26,Sonora,POZO,2.4323,Alta,1.135905,Potable - Excelente,<0.01,Potable - Excelente,<0.003,Potable - Excelente,<0.005,Potable - Excelente,<0.0005,Potable - Excelente,<0.005,Potable - Excelente,0.0016,Potable - Excelente,-108.96774,30.51364,2012-2022,RENAMECA
OCNOR6270,26,Sonora,POZO,0.2439,Baja,1.867766,Potable - Excelente,<0.01,Potable - Excelente,<0.003,Potable - Excelente,<0.005,Potable - Excelente,<0.0005,Potable - Excelente,0.0189,No apta como FAAP,0.334,Sin efectos en la salud - Puede dar color al agua,-110.0968,27.4635,2012-2022,RENAMECA
OCNOR6271,26,Sonora,POZO,0.7936,Potable - Optima,15.183212,No apta como FAAP,0.0169,Apta como FAAP,<0.003,Potable - Excelente,<0.005,Potable - Excelente,<0.0005,Potable - Excelente,<0.005,Potable - Excelente,<0.0015,Potable - Excelente,-110.03623,27.51299,2012-2022,RENAMECA
OCNOR6272,26,Sonora,POZO,0.5898,Media,1.059011,Potable - Excelente,0.012,Apta como FAAP,<0.003,Potable - Excelente,<0.005,Potable - Excelente,<0.0005,Potable - Excelente,<0.005,Potable - Excelente,0.5025,Puede afectar la salud,-109.919528,27.666611,2012-2022,RENAMECA
OCNOR6273,26,Sonora,POZO,<0.2,Baja,2.355572,Potable - Excelente,<0.01,Potable - Excelente,<0.003,Potable - Excelente,<0.005,Potable - Excelente,<0.0005,Potable - Excelente,0.0228,No apta como FAAP,0.0078,Potable - Excelente,-110.013,27.372278,2012-2022,RENAMECA
OCNOR6277,26,Sonora,POZO,0.3547,Baja,3.873569,Potable - Excelente,<0.01,Potable - Excelente,<0.003,Potable - Excelente,<0.005,Potable - Excelente,<0.0005,Potable - Excelente,0.0164,No apta como FAAP,0.0021,Potable - Excelente,-109.74188,29.93963,2012-2022,RENAMECA
OCNOR6278,26,Sonora,POZO,<0.2,Baja,<0.02,Potable - Excelente,0.0171,Apta como FAAP,<0.003,Potable - Excelente,<0.005,Potable - Excelente,<0.0005,Potable - Excelente,<0.005,Potable - Excelente,1.209,Puede afectar la salud,-109.644722,27.016111,2012-2022,RENAMECA
OCNOR6283,26,Sonora,POZO,0.4165,Media,3.877884,Potable - Excelente,0.0299,No apta como FAAP,<0.003,Potable - Excelente,<0.005,Potable - Excelente,<0.0005,Potable - Excelente,<0.005,Potable - Excelente,0.4843,Puede afectar la salud,-110.30269,27.60073,2012-2022,RENAMECA
OCNOR6288,26,Sonora,POZO,1.5594,Alta,8.535624,Potable - Buena calidad,<0.01,Potable - Excelente,<0.003,Potable - Excelente,<0.005,Potable - Excelente,<0.0005,Potable - Excelente,<0.005,Potable - Excelente,<0.0015,Potable - Excelente,-110.923917,29.032388,2012-2022,RENAMECA
OCNOR6295,26,Sonora,POZO,2.356,Alta,3.389,Potable - Excelente,0.024966667,Apta como FAAP,<0.003,Potable - Excelente,0.0137,Potable - Excelente,<0.0005,Potable - Excelente,<0.005,Potable - Excelente,<0.0015,Potable - Excelente,-110.88475,29.26525,2012-2022,RENAMECA
OCNOR6304,26,Sonora,POZO,1.603,Alta,2.391877,Potable - Excelente,0.0226,Apta como FAAP,<0.003,Potable - Excelente,<0.005,Potable - Excelente,<0.0005,Potable - Excelente,<0.005,Potable - Excelente,<0.0015,Potable - Excelente,-110.87894,29.18233,2012-2022,RENAMECA
OCNOR6305,26,Sonora,POZO,2.13825,Alta,2.432207,Potable - Excelente,0.037333333,No apta como FAAP,<0.003,Potable - Excelente,0.009166667,Potable - Excelente,<0.0005,Potable - Excelente,<0.005,Potable - Excelente,<0.0015,Potable - Excelente,-110.8775,29.17759,2012-2022,RENAMECA
OCNOR6308,26,Sonora,POZO,0.3014,Baja,2.083688,Potable - Excelente,0.0152,Apta como FAAP,<0.003,Potable - Excelente,<0.005,Potable - Excelente,<0.0005,Potable - Excelente,<0.005,Potable - Excelente,0.2394,Sin efectos en la salud - Puede dar color al agua,-109.711944,26.878889,2012-2022,RENAMECA
OCNOR6309,26,Sonora,POZO,0.2097,Baja,1.54145,Potable - Excelente,0.0229,Apta como FAAP,<0.003,Potable - Excelente,<0.005,Potable - Excelente,<0.0005,Potable - Excelente,<0.005,Potable - Excelente,0.2368,Sin efectos en la salud - Puede dar color al agua,-109.72838,26.88316,2012-2022,RENAMECA
OCNOR6310,26,Sonora,POZO,0.5638,Media,<0.02,Potable - Excelente,0.104033333,No apta como FAAP,<0.003,Potable - Excelente,<0.005,Potable - Excelente,<0.0005,Potable - Excelente,<0.005,Potable - Excelente,0.091466667,Potable - Excelente,-109.71472,26.86872,2012-2022,RENAMECA
OCNOR6311,26,Sonora,POZO,0.4782,Media,<0.02,Potable - Excelente,0.045566667,No apta como FAAP,<0.003,Potable - Excelente,<0.005,Potable - Excelente,<0.0005,Potable - Excelente,<0.005,Potable - Excelente,0.5625,Puede afectar la salud,-109.696333,26.850111,2012-2022,RENAMECA
OCNOR6312,26,Sonora,POZO,0.93,Potable - Optima,0.044221,Potable - Excelente,0.071366667,No apta como FAAP,<0.003,Potable - Excelente,<0.005,Potable - Excelente,<0.0005,Potable - Excelente,<0.005,Potable - Excelente,0.1798,Sin efectos en la salud - Puede dar color al agua,-109.698111,26.987333,2012-2022,RENAMECA
OCNOR6313,26,Sonora,POZO,<0.2,Baja,5.385365,Potable - Buena calidad,<0.01,Potable - Excelente,<0.003,Potable - Excelente,<0.005,Potable - Excelente,<0.0005,Potable - Excelente,<0.005,Potable - Excelente,0.2055,Sin efectos en la salud - Puede dar color al agua,-109.617744,26.830756,2012-2022,RENAMECA
OCNOR6314,26,Sonora,POZO,0.2092,Baja,3.606806,Potable - Excelente,0.0147,Apta como FAAP,<0.003,Potable - Excelente,<0.005,Potable - Excelente,<0.0005,Potable - Excelente,<0.005,Potable - Excelente,1.712,Puede afectar la salud,-109.713611,26.873056,2012-2022,RENAMECA
OCNOR6315,26,Sonora,POZO,6.4801,Alta,0.921996,Potable - Excelente,0.0138,Apta como FAAP,<0.003,Potable - Excelente,<0.005,Potable - Excelente,<0.0005,Potable - Excelente,<0.005,Potable - Excelente,<0.0015,Potable - Excelente,-110.837222,30.834167,2012-2022,RENAMECA
OCNOR6505,26,Sonora,POZO,0.76,Potable - Optima,13.590907,No apta como FAAP,<0.01,Potable - Excelente,<0.003,Potable - Excelente,<0.005,Potable - Excelente,<0.0005,Potable - Excelente,<0.005,Potable - Excelente,<0.0015,Potable - Excelente,-110.11926,29.53365,2012-2022,RENAMECA
OCNOR6506,26,Sonora,POZO,3.6349,Alta,5.602367,Potable - Buena calidad,<0.01,Potable - Excelente,<0.003,Potable - Excelente,0.0056,Potable - Excelente,<0.0005,Potable - Excelente,<0.005,Potable - Excelente,<0.0015,Potable - Excelente,-110.38294,29.42405,2012-2022,RENAMECA
OCPBC4278,02,Baja California,POZO,0.3628,Baja,0.801135,Potable - Excelente,<0.01,Potable - Excelente,<0.003,Potable - Excelente,0.0189375,Potable - Excelente,0.000928889,Potable - Excelente,<0.005,Potable - Excelente,0.507055556,Puede afectar la salud,-116.087167,31.096444,2012-2022,RENAMECA
OCPBC4308,02,Baja California,POZO,0.7313,Potable - Optima,28.1,No apta como FAAP,<0.01,Potable - Excelente,<0.003,Potable - Excelente,<0.005,Potable - Excelente,<0.0005,Potable - Excelente,<0.005,Potable - Excelente,0.01375,Potable - Excelente,-116.578519,31.728857,2012-2022,RENAMECA
OCPBC4309,02,Baja California,POZO,2.14665,Alta,4.902191,Potable - Excelente,<0.01,Potable - Excelente,<0.003,Potable - Excelente,<0.005,Potable - Excelente,<0.0005,Potable - Excelente,<0.005,Potable - Excelente,0.0052375,Potable - Excelente,-116.572811,31.756832,2012-2022,RENAMECA
OCPBC4315,02,Baja California,POZO,0.3128,Baja,10.426269,Potable - Buena calidad,<0.01,Potable - Excelente,<0.003,Potable - Excelente,<0.005,Potable - Excelente,<0.0005,Potable - Excelente,<0.005,Potable - Excelente,0.184685833,Sin efectos en la salud - Puede dar color al agua,-116.616778,31.869277,2012-2022,RENAMECA
OCPBC4317,02,Baja California,POZO,0.7698,Potable - Optima,9.333269,Potable - Buena calidad,<0.01,Potable - Excelente,<0.003,Potable - Excelente,<0.005,Potable - Excelente,0.00078875,Potable - Excelente,<0.005,Potable - Excelente,0.438788889,Puede afectar la salud,-116.593639,32.084111,2012-2022,RENAMECA
OCPBC4318,02,Baja California,POZO,0.9848,Potable - Optima,5.861351,Potable - Buena calidad,<0.01,Potable - Excelente,<0.003,Potable - Excelente,<0.005,Potable - Excelente,<0.0005,Potable - Excelente,<0.005,Potable - Excelente,0.283148,Sin efectos en la salud - Puede dar color al agua,-116.66425,32.04725,2012-2022,RENAMECA
OCPBC4324,02,Baja California,POZO,0.3163,Baja,0.1392,Potable - Excelente,<0.01,Potable - Excelente,<0.003,Potable - Excelente,<0.005,Potable - Excelente,<0.0005,Potable - Excelente,<0.005,Potable - Excelente,0.700766667,Puede afectar la salud,-116.085944,31.097745,2012-2022,RENAMECA
OCPBC4332,02,Baja California,POZO,<0.2,Baja,95.897,No apta como FAAP,<0.01,Potable - Excelente,<0.003,Potable - Excelente,<0.005,Potable - Excelente,<0.0005,Potable - Excelente,<0.005,Potable - Excelente,0.002863636,Potable - Excelente,-116.011263,30.728562,2012-2022,RENAMECA
OCPBC4367,26,Sonora,POZO,0.2463,Baja,2.6823,Potable - Excelente,0.026742222,No apta como FAAP,<0.003,Potable - Excelente,0.0060125,Potable - Excelente,<0.0005,Potable - Excelente,<0.005,Potable - Excelente,0.514262222,Puede afectar la salud,-114.814167,32.394722,2012-2022,RENAMECA
OCPBC4368,26,Sonora,POZO,0.29087,Baja,1.732561,Potable - Excelente,0.052494444,No apta como FAAP,<0.003,Potable - Excelente,0.04785,Potable - Excelente,<0.0005,Potable - Excelente,0.013114286,No apta como FAAP,1.053485556,Puede afectar la salud,-114.815556,32.389167,2012-2022,RENAMECA
OCPBC4371,02,Baja California,POZO,0.2944,Baja,0.02895,Potable - Excelente,<0.01,Potable - Excelente,<0.003,Potable - Excelente,0.005585714,Potable - Excelente,<0.0005,Potable - Excelente,<0.005,Potable - Excelente,1.112007143,Puede afectar la salud,-114.905833,32.501378,2012-2022,RENAMECA
OCPBC4372,02,Baja California,POZO,0.6417,Media,<0.02,Potable - Excelente,<0.01,Potable - Excelente,<0.003,Potable - Excelente,<0.005,Potable - Excelente,<0.0005,Potable - Excelente,<0.005,Potable - Excelente,0.361522222,Sin efectos en la salud - Puede dar color al agua,-116.194721,31.090335,2012-2022,RENAMECA
OCPBC4374,02,Baja California,POZO,0.33545,Baja,<0.02,Potable - Excelente,<0.01,Potable - Excelente,<0.003,Potable - Excelente,0.005271429,Potable - Excelente,<0.0005,Potable - Excelente,<0.005,Potable - Excelente,0.31185125,Sin efectos en la salud - Puede dar color al agua,-114.780743,32.677713,2012-2022,RENAMECA
OCPBC4376,26,Sonora,POZO,0.3839,Baja,<0.02,Potable - Excelente,<0.01,Potable - Excelente,<0.003,Potable - Excelente,<0.005,Potable - Excelente,<0.0005,Potable - Excelente,<0.005,Potable - Excelente,0.523454444,Puede afectar la salud,-114.897222,32.475555,2012-2022,RENAMECA
OCPBC5361,26,Sonora,POZO,0.3,Baja,0.05445,Potable - Excelente,<0.01,Potable - Excelente,<0.003,Potable - Excelente,<0.005,Potable - Excelente,<0.0005,Potable - Excelente,<0.005,Potable - Excelente,0.196304286,Sin efectos en la salud - Puede dar color al agua,-114.77949,32.47223,2012-2022,RENAMECA
OCPBC5362,26,Sonora,POZO,0.2995,Baja,0.884397,Potable - Excelente,<0.01,Potable - Excelente,<0.003,Potable - Excelente,<0.005,Potable - Excelente,<0.0005,Potable - Excelente,<0.005,Potable - Excelente,0.267647143,Sin efectos en la salud - Puede dar color al agua,-114.80636,32.44377,2012-2022,RENAMECA
OCPBC5583,02,Baja California,POZO,1.1122,Potable - Optima,12.356377,No apta como FAAP,<0.01,Potable - Excelente,<0.003,Potable - Excelente,<0.005,Potable - Excelente,<0.0005,Potable - Excelente,<0.005,Potable - Excelente,0.0032,Potable - Excelente,-116.63203,32.07176,2012-2022,RENAMECA
OCPBC5588,02,Baja California,POZO,1.69285,Alta,30.9261235,No apta como FAAP,<0.01,Potable - Excelente,<0.003,Potable - Excelente,<0.005,Potable - Excelente,<0.0005,Potable - Excelente,<0.005,Potable - Excelente,<0.0015,Potable - Excelente,-116.58113,31.73436,2012-2022,RENAMECA
OCPBC5590,02,Baja California,POZO,<0.2,Baja,18.149345,No apta como FAAP,<0.01,Potable - Excelente,<0.003,Potable - Excelente,<0.005,Potable - Excelente,<0.0005,Potable - Excelente,<0.005,Potable - Excelente,<0.0015,Potable - Excelente,-116.58747,32.49076,2012-2022,RENAMECA
OCPBC5592,02,Baja California,POZO,0.4553,Media,<0.02,Potable - Excelente,0.0144,Apta como FAAP,<0.003,Potable - Excelente,<0.005,Potable - Excelente,<0.0005,Potable - Excelente,<0.005,Potable - Excelente,0.1555,Sin efectos en la salud - Puede dar color al agua,-116.01612,32.4842,2012-2022,RENAMECA
OCPBC5593,02,Baja California,POZO,<0.2,Baja,0.036,Potable - Excelente,<0.01,Potable - Excelente,<0.003,Potable - Excelente,<0.005,Potable - Excelente,<0.0005,Potable - Excelente,<0.005,Potable - Excelente,1.683,Puede afectar la salud,-114.92124,32.60173,2012-2022,RENAMECA
OCPBC5594,02,Baja California,POZO,0.37195,Baja,0.0285,Potable - Excelente,<0.01,Potable - Excelente,<0.003,Potable - Excelente,<0.005,Potable - Excelente,<0.0005,Potable - Excelente,<0.005,Potable - Excelente,0.32765,Sin efectos en la salud - Puede dar color al agua,-115.02377,32.60901,2012-2022,RENAMECA
OCPBC5596,02,Baja California,POZO,0.2687,Baja,0.0225,Potable - Excelente,<0.01,Potable - Excelente,<0.003,Potable - Excelente,<0.005,Potable - Excelente,<0.0005,Potable - Excelente,<0.005,Potable - Excelente,0.78,Puede afectar la salud,-115.03373,32.49243,2012-2022,RENAMECA
OCPBC5598,02,Baja California,POZO,0.25605,Baja,0.033,Potable - Excelente,<0.01,Potable - Excelente,<0.003,Potable - Excelente,<0.005,Potable - Excelente,<0.0005,Potable - Excelente,<0.005,Potable - Excelente,0.3995,Sin efectos en la salud - Puede dar color al agua,-114.86878,32.62354,2012-2022,RENAMECA
OCPBC5599,02,Baja California,POZO,1.1959,Potable - Optima,<0.02,Potable - Excelente,<0.01,Potable - Excelente,<0.003,Potable - Excelente,<0.005,Potable - Excelente,<0.0005,Potable - Excelente,0.0116,No apta como FAAP,0.0078,Potable - Excelente,-115.80486,31.56121,2012-2022,RENAMECA
OCPBC5600,02,Baja California,POZO,15.9896,Alta,<0.02,Potable - Excelente,0.032,No apta como FAAP,<0.003,Potable - Excelente,<0.005,Potable - Excelente,<0.0005,Potable - Excelente,<0.005,Potable - Excelente,0.0195,Potable - Excelente,-115.34341,31.83498,2012-2022,RENAMECA
OCPBC6316,26,Sonora,POZO,0.2673,Baja,<0.02,Potable - Excelente,<0.01,Potable - Excelente,<0.003,Potable - Excelente,<0.005,Potable - Excelente,<0.0005,Potable - Excelente,<0.005,Potable - Excelente,0.185766667,Sin efectos en la salud - Puede dar color al agua,-114.86848,32.38019,2012-2022,RENAMECA
OCRBR4990M2,19,Nuevo Leon,POZO,<0.2,Baja,15.9530485,No apta como FAAP,<0.01,Potable - Excelente,<0.003,Potable - Excelente,<0.005,Potable - Excelente,<0.0005,Potable - Excelente,<0.005,Potable - Excelente,0.39935,Sin efectos en la salud - Puede dar color al agua,-99.74249,24.99159,2012-2022,RENAMECA
OCRBR4999M1,19,Nuevo Leon,POZO,0.34235,Baja,27.29965,No apta como FAAP,<0.01,Potable - Excelente,<0.003,Potable - Excelente,<0.005,Potable - Excelente,<0.0005,Potable - Excelente,<0.005,Potable - Excelente,0.017825,Potable - Excelente,-100.20017,25.91146,2012-2022,RENAMECA
OCRBR5001M1,19,Nuevo Leon,POZO,0.2441005,Baja,2.577088,Potable - Excelente,<0.01,Potable - Excelente,<0.003,Potable - Excelente,<0.005,Potable - Excelente,0.0006784,Potable - Excelente,<0.005,Potable - Excelente,2.599963636,Puede afectar la salud,-100.12972,26.05851,2012-2022,RENAMECA
OCRBR5007M1,19,Nuevo Leon,POZO,0.397,Baja,29.332,No apta como FAAP,<0.01,Potable - Excelente,<0.003,Potable - Excelente,<0.005,Potable - Excelente,0.019613333,No apta como FAAP,<0.005,Potable - Excelente,0.00155,Potable - Excelente,-100.12927,25.86789,2012-2022,RENAMECA
OCRBR5019M2,19,Nuevo Leon,POZO,<0.2,Baja,36.6508875,No apta como FAAP,<0.01,Potable - Excelente,<0.003,Potable - Excelente,<0.005,Potable - Excelente,<0.0005,Potable - Excelente,<0.005,Potable - Excelente,1.497,Puede afectar la salud,-99.74332,24.99063,2012-2022,RENAMECA
OCRBR5020M1,19,Nuevo Leon,POZO,0.2904,Baja,9.931996,Potable - Buena calidad,<0.01,Potable - Excelente,<0.003,Potable - Excelente,0.009204444,Potable - Excelente,<0.0005,Potable - Excelente,0.011657778,No apta como FAAP,37.32121545,Puede afectar la salud,-100.34715,25.68766,2012-2022,RENAMECA
OCRBR5046M1,19,Nuevo Leon,POZO,0.24,Baja,12.413,No apta como FAAP,<0.01,Potable - Excelente,<0.003,Potable - Excelente,<0.005,Potable - Excelente,<0.0005,Potable - Excelente,<0.005,Potable - Excelente,0.022866667,Potable - Excelente,-99.90752,25.70831,2012-2022,RENAMECA
OCRBR5087M1,19,Nuevo Leon,POZO,0.3354,Baja,11.738,No apta como FAAP,<0.01,Potable - Excelente,<0.003,Potable - Excelente,<0.005,Potable - Excelente,<0.0005,Potable - Excelente,<0.005,Potable - Excelente,0.004055111,Potable - Excelente,-99.72944,25.28444,2012-2022,RENAMECA
OCRBR5100M2,19,Nuevo Leon,POZO,<0.2,Baja,14.0119615,No apta como FAAP,<0.01,Potable - Excelente,<0.003,Potable - Excelente,<0.005,Potable - Excelente,<0.0005,Potable - Excelente,<0.005,Potable - Excelente,<0.0015,Potable - Excelente,-99.74709,24.9918,2012-2022,RENAMECA
OCRBR5105M2,19,Nuevo Leon,POZO,0.83365,Potable - Optima,22.135512,No apta como FAAP,<0.01,Potable - Excelente,<0.003,Potable - Excelente,<0.005,Potable - Excelente,<0.0005,Potable - Excelente,<0.005,Potable - Excelente,0.011033333,Potable - Excelente,-99.82249,25.55197,2012-2022,RENAMECA
OCRBR5107M1,19,Nuevo Leon,POZO,2.0291,Alta,<0.02,Potable - Excelente,<0.01,Potable - Excelente,,,,,<0.0005,Potable - Excelente,,,0.0709,Potable - Excelente,-100.59415,25.00474,2012-2022,RENAMECA
OCRBR5108M1,19,Nuevo Leon,POZO,2.5809,Alta,1.1019,Potable - Excelente,<0.01,Potable - Excelente,,,,,<0.0005,Potable - Excelente,,,0.0086,Potable - Excelente,-100.55812,25.01176,2012-2022,RENAMECA
OCRBR5363,28,Tamaulipas,POZO,1.6073,Alta,8.406,Potable - Buena calidad,<0.01,Potable - Excelente,<0.003,Potable - Excelente,0.0076475,Potable - Excelente,<0.0005,Potable - Excelente,<0.005,Potable - Excelente,0.884025,Puede afectar la salud,-99.518472,27.468139,2012-2022,RENAMECA
OCRBR5364,28,Tamaulipas,POZO,1.79005,Alta,7.47,Potable - Buena calidad,<0.01,Potable - Excelente,<0.003,Potable - Excelente,<0.005,Potable - Excelente,<0.0005,Potable - Excelente,<0.005,Potable - Excelente,0.80917775,Puede afectar la salud,-99.519111,27.467694,2012-2022,RENAMECA
OCRBR5708,05,Coahuila,POZO,1.5968,Alta,3.644794,Potable - Excelente,<0.01,Potable - Excelente,<0.003,Potable - Excelente,<0.005,Potable - Excelente,<0.0005,Potable - Excelente,<0.005,Potable - Excelente,<0.0015,Potable - Excelente,-100.473617,27.443068,2012-2022,RENAMECA
OCRBR5710,05,Coahuila,POZO,0.3045,Baja,26.451248,No apta como FAAP,<0.01,Potable - Excelente,<0.003,Potable - Excelente,<0.005,Potable - Excelente,<0.0005,Potable - Excelente,<0.005,Potable - Excelente,<0.0015,Potable - Excelente,-100.935561,25.608067,2012-2022,RENAMECA
OCRBR5711,05,Coahuila,POZO,0.9368,Potable - Optima,19.065063,No apta como FAAP,<0.01,Potable - Excelente,<0.003,Potable - Excelente,<0.005,Potable - Excelente,<0.0005,Potable - Excelente,<0.005,Potable - Excelente,0.0044,Potable - Excelente,-101.549652,25.621133,2012-2022,RENAMECA
P19C-6+350,05,Coahuila,POZO,1.32,Potable - Optima,2.036,Potable - Excelente,<0.01,Potable - Excelente,<0.003,Potable - Excelente,<0.005,Potable - Excelente,<0.0005,Potable - Excelente,0.072,No apta como FAAP,0.074,Potable - Excelente,-101.07129,29.44941,2012-2022,RENAMECA
PLA16M-6+950,05,Coahuila,POZO,1.15,Potable - Optima,0.194,Potable - Excelente,<0.01,Potable - Excelente,<0.003,Potable - Excelente,<0.005,Potable - Excelente,<0.0005,Potable - Excelente,<0.005,Potable - Excelente,0.178,Sin efectos en la salud - Puede dar color al agua,-101.07745,29.44932,2012-2022,RENAMECA
TOMA DOMICILIARIA LA LABOR,26,Sonora,TOMA DOMICILIARIA,0.91,Potable - Optima,4.164,Potable - Excelente,<0.01,Potable - Excelente,<0.003,Potable - Excelente,0.008,Potable - Excelente,<0.0005,Potable - Excelente,<0.005,Potable - Excelente,1.276,Puede afectar la salud,-110.12917,29.62033,2012-2022,RENAMECA